药品名称,厂家,p,d,q,P,D,Q,m,AIC,BIC,测试集MSE
丹参,广东一方,0,0,1,1,1,0,52,94689.38556788448,94711.12967914989,5440180.168312501
